PartitionKey,RowKey,Timestamp,entityid,raisonsociale,type,soustype,numro,typedevoie,voie,codepostal,ville,bureaudistributeur,indicateurcdex,tlphone,longitude,latitude,ligneadresse1,ligneadresse3,mail,adresseweb
0537261821_0000000000,5dd25bcc-6ee3-41f4-82ff-372759206bf1,2017-01-09T07:23:41.0689995Z,fdec9aa7-3c16-4097-9a57-aa7559526703,Bambous en Provence,cdt:JardinEtParc,"Jardin botanique
Jardin botanique",2388,Route,De Graveson,13630,Eyragues,EYRAGUES,non,04 32 62 85 31,4.8207485,43.8465322,,,,
0537261821_0000000001,1c142fec-74a8-4ef1-a87c-6b82dad3f9cc,2017-01-09T07:23:40.9195167Z,c3a220ed-ab78-4503-8d9a-268ca6af871b,Jardins du Domaine de la Violaine,cdt:JardinEtParc,Parc - jardin privé,,,,13770,Venelles,VENELLES,non,04 42 54 70 03,5.49898,43.59508,,,,
0537261821_0000000002,d46a319e-ce76-4641-9e74-88e979e7954f,2017-01-09T07:23:40.9966214Z,2d6c9b2d-83ee-4199-9b70-6936ec84894e,Journée Patrimoine,cdt:JardinEtParc,Jardin botanique,,,,13620,Carry le Rouet,CARRY LE ROUET,non,04 42 13 20 36,5.170804,43.336427,,,,
0537261821_0000000003,5e2f0686-b13f-49a0-904c-5d10fc325597,2017-01-09T07:23:40.0767335Z,f09ab848-01a8-471b-9d1a-0385096fe7cc,Le Jardin Magique d'Aurons,cdt:JardinEtParc,Parc - jardin public,,Avenue,Gaston Cabrier,13121,Aurons,AURONS,non,04 90 55 63 02,5.155622,43.664925,,,,
0537261821_0000000004,6a54678b-81cf-46a1-a21c-b12bd570ac75,2017-01-09T07:23:39.8270202Z,312ab6f1-b654-48bb-8022-d4e69e1f6287,Jardin Antoine Maurel,cdt:JardinEtParc,Parc - jardin public,,Route,D'Aurons,13330,Pélissanne,PELISSANNE,non,04 90 55 11 52,5.154376,43.64194,,,,
0537261821_0000000005,ec6e3bfd-9840-43c6-a105-3f3ee1dc0739,2017-01-09T07:23:40.9040247Z,04bbc1be-40d0-4af0-b913-eba90ee4207d,Jardin des Remparts,cdt:JardinEtParc,Parc - jardin public,,,,13530,Trets,TRETS,non,04 42 61 23 78,5.6823348999023438,43.44706166645264,Boulevard Vauban,,,
0537261821_0000000006,97443087-7d94-4b09-9db7-c97c17a71fd4,2017-01-09T07:23:41.1033697Z,1c625893-a6f1-43de-9926-e6e9e55dd2ef,Espace Benjamin Priaulet,cdt:JardinEtParc,Parc - jardin public,,Avenue,Des écoles,13520,Maussane les Alpilles,MAUSSANE LES ALPILLES,non,04 90 54 33 60,4.8041969999999994,43.721723,,,,
0537261821_0000000007,85a6bfc2-61ab-48d3-96b7-0bb2e0b5cb3e,2017-01-09T07:23:41.0578045Z,fccbda03-62ce-496d-b624-0611dc1f6e87,Parc du Moulin Peyre,cdt:JardinEtParc,Parc - jardin public,,,,13890,Mouriès,MOURIES,non,04 90 47 50 01,4.871352,43.688994,Cours Paul Revoil,,,
0537261821_0000000008,0ace2859-a821-4dd6-a1ff-b98454b92c31,2017-01-09T07:23:41.0274143Z,9f078960-821e-4d87-aaf5-ba30e7dfa134,Jardin de Belsunce,cdt:JardinEtParc,Parc - jardin public,,Avenue,Monseigneur de Belzunce,13260,Cassis,CASSIS,non,04 42 01 66 66,5.535913,43.219443,,,,
0537261821_0000000009,e6ff0266-44e1-4f7a-b36f-d4b65fd35a1c,2017-01-09T07:23:41.054068Z,b2e8e332-5a7b-4ec0-8b26-d44b67a81746,Parc Régis Vidal,cdt:JardinEtParc,Parc - jardin public,,CD,41,13260,Cassis,CASSIS,non,04 42 01 66 66,5.551228,43.2239964,,,,
0537261821_0000000010,2d930ba1-3d56-45e0-82ab-611be7656f85,2017-01-09T07:23:41.047742Z,ec9efacd-99e1-4dc5-9785-4a11386613bd,Parc Ferrage,cdt:JardinEtParc,Parc - jardin public,,Rue,Marin la Meslée,13700,Marignane,MARIGNANE,non,04 42 31 11 11,5.206747,43.418032,,,,
0537261821_0000000011,0be53508-a07b-4247-90fd-ffb1fd73eb1b,2017-01-09T07:23:41.760197Z,0ebdb3af-a1dd-4c8b-8ae1-eeef7c2d1d0c,Balade des familles,cdt:JardinEtParc,Jardin divers,,Avenue,Edmond Rostand,13700,Marignane,MARIGNANE,non,04 43 31 11 11,5.2055475,43.4157053,,Parking face au tennis couvert du Bolmon,,
0537261821_0000000012,4a76ac6e-1405-45b4-b22a-102ffb7aaff8,2017-01-09T07:23:41.0800074Z,598dc2e5-2500-44a2-9117-4704c639dd43,Square Scarcelli,cdt:JardinEtParc,Parc - jardin public,,,,13400,Aubagne,AUBAGNE,non,04 42 18 19 74,5.565442,43.286451,,Plateau des Espillières,,
0537261821_0000000013,e18f04a5-5456-4238-9c36-52fcbb8aeb12,2017-01-09T07:23:41.0086299Z,54367ace-c3da-43f9-a2ad-473c61c5ae7b,Jardin Berlioux,cdt:JardinEtParc,Parc - jardin public,,,,13400,Aubagne,AUBAGNE,non,04 42 18 19 74,5.57223,43.300106,La Clé des Champs,Rte de Gèmenos,,
0537261821_0000000014,0e3352dd-b044-49e8-9541-346703ad8dd0,2017-01-09T07:23:40.0907431Z,1d2ae2e8-6b7a-4fed-8b24-98431c8dfc67,City stade de l’Argelier,cdt:JardinEtParc,Parc - jardin public,,,,13210,Saint Rémy de Provence,SAINT REMY DE PROVENCE,non,04 90 92 08 10,4.8313429999999986,43.788652,Quartier de l’Argelier,,,
0537261821_0000000015,0e5a2fa4-8b8f-40c2-bf76-de8551fd01e2,2017-01-09T07:23:40.9335268Z,9ba50ffc-66ca-4274-9f5b-d6bb7ee531a3,Square Mauron,cdt:JardinEtParc,Parc - jardin public,,,,13210,Saint Rémy de Provence,SAINT REMY DE PROVENCE,non,04 90 92 08 10,4.8313429999999986,43.788652,Avenue Louis Pasteur,,,
0537261821_0000000016,cc599336-7da0-4823-982d-28c5f64ba2f0,2017-01-09T07:23:39.8390282Z,58caae35-1feb-4e99-8107-1ab9e5995399,Jardin de la bibliothèque,cdt:JardinEtParc,Parc - jardin public,,,,13210,Saint Rémy de Provence,SAINT REMY DE PROVENCE,non,04 90 92 70 21,4.8313429999999986,43.788652,4 boulevard Gambetta,,,
0537261821_0000000017,a9b46d10-5045-46cc-aec2-d6483d71c4d2,2017-01-09T07:23:41.0708143Z,7481c7cd-2fc1-41c6-bd07-39527713ca1e,Jardin Place Mireille,cdt:JardinEtParc,Parc - jardin public,,,,13210,Saint Rémy de Provence,SAINT REMY DE PROVENCE,non,04 90 92 08 10,4.8313429999999986,43.788652,Avenu Pasteur,,,
0537261821_0000000018,013b9197-d405-4d43-a3e0-47a4aded04ed,2017-01-09T07:23:41.1153783Z,78f435a1-6175-4068-99cc-37203ce7f600,Parc Maurin,cdt:JardinEtParc,"Jardin botanique
Parc - jardin public",,Boulevard,Romain Rolland,13130,Berre l'Etang,BERRE L'ETANG,non,04 42 85 01 70,5.167847,43.488612,,,,
0537261821_0000000019,b3104c50-eccc-4130-9b7f-1c40f5df0c3e,2017-01-09T07:23:41.0680778Z,5ffa278b-7e2f-4d3c-8ac1-74194ea57986,Jardin des Quatre Saisons,cdt:JardinEtParc,Parc - jardin public,,Avenue,De Verdun,13690,Graveson,GRAVESON,non,04 90 95 71 05,4.7708,43.85399,,,ot.graveson@visitprovence.com,http://www.graveson-provence.fr
0537261821_0000000020,4da205f5-2726-4367-8ec3-470dac821e09,2017-01-09T07:23:41.0617519Z,9a082b7d-e605-40c4-a709-555d667844d9,Jardin du Musée Frédéric Mistral,cdt:JardinEtParc,Parc - jardin public,11,Avenue,Lamartine,13910,Maillane,MAILLANE,non,04 90 95 84 19,4.782482,43.830922,,,ot.maillane@wanadoo.fr,http://www.maillane.fr
0537261821_0000000021,63549cd9-4c06-437f-bce3-21ae8f639ea6,2017-01-09T07:23:41.7732057Z,cc2d7f22-f21a-4419-9fdc-b3b1b3ba182d,Parc Municipal - Jardin d'Enfants,cdt:JardinEtParc,Parc - jardin public,,,,13990,Fontvieille,FONTVIEILLE,non,04 90 54 67 49,4.70941,43.725522,,Avenue des moulins,,
0537261821_0000000022,b1d07849-0007-4f5f-88ae-ec7a27bbacb7,2017-01-09T07:23:40.9200359Z,01421ece-82fa-44a7-aa8d-466dacf6fdf1,Jardin Salvador Dali,cdt:JardinEtParc,Parc - jardin public,,Rue,De Verdun,13700,Marignane,MARIGNANE,non,04 42 31 11 11,5.2171811,43.4172279,,,,
0537261821_0000000023,dd684968-62d9-4c64-9134-ba5e2249daf5,2017-01-09T07:23:41.0920172Z,5289fd2d-abf4-4d9b-8352-d29808d9845a,Jardin du Château de Roussan,cdt:JardinEtParc,Parc - jardin privé,,Route,De Tarascon,13210,Saint Rémy de Provence,SAINT REMY DE PROVENCE,non,04 90 92 11 63,4.684393,43.798169,Château de Roussan,,,
0537261821_0000000024,6fb953ba-a89c-45d1-b2a5-8ef3afdd8924,2017-01-09T07:23:41.0474309Z,29df793b-9cc7-4038-b328-07be6ee711cf,Promenade de l'Arc,cdt:JardinEtParc,Parc - jardin public,,Avenue,De l'Arc de Meyran,13100,Aix en Provence,AIX EN PROVENCE,non,00 00 00 00 00,5.45851,43.511942,,,,
0537261821_0000000025,03d8500f-7eec-4939-88d9-74f8b56df71c,2017-01-09T07:23:41.0216395Z,5ce8e20e-c157-4423-801c-a970d27f0e4a,Le mur végétal,cdt:JardinEtParc,Jardin divers,380,Rond-point,Max Juvénal,13090,Aix en Provence,AIX EN PROVENCE,non,00 00 00 00 00,5.439084,43.526405,,,,
0537261821_0000000026,1a1a228d-5add-4598-9acd-73c8de236b3d,2017-01-09T07:23:40.0997493Z,a0d06daf-224d-4902-8d43-57e04eb146a8,Les jardins,cdt:JardinEtParc,Parc - jardin public,,,,13250,Cornillon Confoux,CORNILLON CONFOUX,non,04 90 50 43 17,5.070856,43.562503,,,otcornillonconfoux@free.fr,
0537261821_0000000027,544263ca-48f1-4d61-a656-c3fc49f6353c,2017-01-09T07:23:40.9445349Z,71458438-c857-4bd5-ad12-e29016c5a78f,Jardin de l'alchimiste,cdt:JardinEtParc,Parc - jardin privé,,,,13810,Eygalières,EYGALIERES,non,04 90 90 67 67,4.955474,43.763806,Mas de la Brune,,contact@jardin-alchimiste.com,http://www.jardin-alchimiste.com
0537261821_0000000028,7f0fb6fd-6245-4575-9516-b819933cc562,2017-01-09T07:23:39.8520369Z,47c4b7ca-2610-4442-bc2c-59a0e489888c,Les Sentiers de l'Abondance,cdt:JardinEtParc,Jardin botanique,,,Mas de Boeufs,13810,Eygalières,EYGALIERES,non,06 22 36 61 83,4.950151,43.76015,Les Sentiers de l'Abondance,,info@lessentiersdelabondance.fr,http://www.lessentiersdelabondance.com
0537261821_0000000029,5dc9b043-c40a-4e60-b80b-425213535242,2017-01-09T07:23:41.1293882Z,a399f705-2974-46ba-a637-84f580a92273,Parc Jean Moulin,cdt:JardinEtParc,Parc - jardin public,713,Avenue,Du 21 août 1944,13400,Aubagne,AUBAGNE,non,04 42 18 19 74,5.561574,43.287177,,La Tourtelle,,
0537261821_0000000030,9253846d-8306-4fd3-bd5f-fdedf1a30977,2017-01-09T07:23:41.0828229Z,10312660-7671-44f1-9019-75fa45d366ce,Parc Maureau,cdt:JardinEtParc,Parc - jardin public,,Place,Pisavis,13330,Pélissanne,PELISSANNE,non,04 90 55 15 55,5.150244,43.631313,,,,
0537261821_0000000031,60378c4f-92b0-4394-af18-ccedbf3167e0,2017-01-09T07:23:41.0810869Z,f181d1d9-0a24-4279-a740-d229a7301dc2,Les Sources des Nayes,cdt:JardinEtParc,Parc - jardin public,,Chemin,Des Nayes,83640,Saint Zacharie,ST ZACHARIE,non,04 42 32 63 28,5.705467,43.378951,,,,
0537261821_0000000032,4fe1d07e-c675-405e-b283-a879b7d1b61a,2017-01-09T07:23:41.0737605Z,3ab8482a-6b9a-4ee7-b522-3759ccbe15b8,Les berges de l'Huveaune,cdt:JardinEtParc,Parc - jardin public,,,,13400,Aubagne,AUBAGNE,non,04 42 18 19 19,5.569682,43.293997,,,,
0537261821_0000000033,8a9a3de8-975a-42a0-9797-645a138767ae,2017-01-09T07:23:41.785215Z,ccb57cbe-531c-4dcf-ba82-4b553c8520ce,Parc'en ciel,cdt:JardinEtParc,Parc - jardin public,,,,13400,Aubagne,AUBAGNE,non,04 42 18 19 74,5.571275,43.301497,,Quartier du Pin vert,,
0537261821_0000000034,f7d1cd31-ac42-4f06-ad37-f4bc61133459,2017-01-09T07:23:41.103025Z,1633c285-62cc-4240-a8e5-41ec33f93799,Jardin de la Tourtelle,cdt:JardinEtParc,Parc - jardin public,,,,13400,Aubagne,AUBAGNE,non,04 42 18 19 74,5.552677,43.286246,Avenue Pierre Brossolette,La Tourtelle,,
0537261821_0000000035,02ffa4a6-8a9c-4794-9116-8a186784d0c1,2017-01-09T07:23:40.1087559Z,ee0bab62-e99a-4feb-9ac8-5338404d9d67,Domaine de la Font de Mai,cdt:JardinEtParc,Parc - jardin public,,Chemin,De la Font de Mai,13400,Aubagne,AUBAGNE,non,04 42 01 66 30,5.547924,43.311955,,Route d'Eoures,,http://www.tourisme-paysdaubagne.fr
0537261821_0000000036,c3716605-5358-481b-991e-b77a0c2a5c86,2017-01-09T07:23:40.9340464Z,2afc078b-e976-4a9b-a2b0-2fcb3935b658,Jardin Palissy,cdt:JardinEtParc,Parc - jardin public,,Boulevard,Palissy,13400,Aubagne,AUBAGNE,non,04 42 18 19 74,5.574687,43.289151,,,,
0537261821_0000000037,899f6498-ce1a-4d2c-8211-42f87f4fdfe1,2017-01-09T07:23:41.0694436Z,4c5b20ca-1cea-418f-9b3e-f3d010a01c87,Base nature de la Coueste,cdt:JardinEtParc,Parc - jardin public,,Chemin,Des Espillères,13400,Aubagne,AUBAGNE,non,04 42 18 18 19,5.576463,43.273081,,,,
0537261821_0000000038,5b757aab-9123-4af2-9131-f7a9b385ee6b,2017-01-09T07:23:41.0594362Z,cf160a9b-462e-4079-a8d7-9ddf5300518a,Bois de l'Espalères,cdt:JardinEtParc,Parc - jardin public,,,,13400,Aubagne,AUBAGNE,non,04 42 18 19 74,5.576463,43.273081,,Les Espillères,,
0537261821_0000000039,e549434e-f90b-40d7-ae87-0c3392e4b866,2017-01-09T07:23:40.9450548Z,fec481c6-71d7-4340-b7fa-0db478540646,Complexe sportif Messones (ex la Botte),cdt:JardinEtParc,Parc - jardin public,,,,13400,Aubagne,AUBAGNE,non,04 42 18 19 74,5.563594,43.2904,,La Tourtelle,,
0537261821_0000000040,189b9878-5e6f-4ac6-bf89-5355a75b865b,2017-01-09T07:23:40.955542Z,c345c711-37ec-433c-8a18-f200b0ea60f5,Jardin des simples,cdt:JardinEtParc,Jardin botanique,,,,13300,Salon de Provence,SALON DE PROVENCE,non,"04 90 44 72 80
04 90 56 22 36",5.097022,43.640199,Château de l'Empéri,Montée du Puech,,
0537261821_0000000041,f190440d-afa6-485b-871f-cfa2dd67ec1b,2017-01-09T07:23:40.9645478Z,39180f2d-b2a6-4dec-ab85-0ad9060da7b9,Les jardins du Château Val Joanis,cdt:JardinEtParc,Parc - jardin privé,,Route,Cavaillon,84120,Pertuis,PERTUIS,non,04 90 79 20 77,5.501843,43.694275,,D973,info@val-joanis.com,http://www.val-joanis.com
0537261821_0000000042,db964771-10ae-4587-849c-7b53463dc702,2017-01-09T07:23:41.0356489Z,3bb898a0-c7cd-4c4d-abf4-34b543ad0e4f,Parc Henri Fabre,cdt:JardinEtParc,Parc - jardin public,,Avenue,Joliot Curie,13130,Berre l'Etang,BERRE L'ETANG,non,04 42 74 93 00,5.1777219,43.4820495,,,,
0537261821_0000000043,90ad3725-5885-4cd0-b94f-87dae41f70fb,2017-01-09T07:23:41.1068409Z,d75756bd-61be-47cb-b4ef-48b2ad3b3461,ardin aquatique 'Aux fleurs de l'Eau,cdt:JardinEtParc,Parc - jardin privé,579,Route,De Saint Rémy,13690,Graveson,GRAVESON,non,04 90 95 85 02,4.781647,43.838387,,579 route de Cassoulen,auxfleursdeleau@wanadoo.fr,http://www.auxfleursdeleau.fr
0537261821_0000000044,35d74a63-0f46-408b-ad27-eaa372f77ec7,2017-01-09T07:23:41.1393954Z,77e240d5-a0fd-4cae-ae91-41c4f0fbe042,Square des Pitchouns,cdt:JardinEtParc,Parc - jardin public,,,,13800,Istres,ISTRES,non,04 42 81 76 00,4.966852,43.516143,,Quartier du Boucasson,,
0537261821_0000000045,5e62a44a-f7ee-4bd2-bc77-a68816e81e72,2017-01-09T07:23:41.0977775Z,792271a0-fa63-4a99-b0e9-f4ff03a8c70d,Parc de Trigance,cdt:JardinEtParc,Parc - jardin public,,Avenue,Des ajoncs,13800,Istres,ISTRES,non,04 13 29 50 00,4.972343,43.502869,,Parc de Trigance,,
0537261821_0000000046,ab742591-0959-4bb3-b50c-acdf30be23d4,2017-01-09T07:23:41.0948319Z,14f271cb-06db-432b-9c6a-270610ef0e1f,Parc des Roches Blanches,cdt:JardinEtParc,Parc - jardin public,,,,13800,Istres,ISTRES,non,04 42 81 76 00,4.995378,43.507733,,,,
0537261821_0000000047,e5a4e1ec-ff9b-4edf-aec1-e3d0adcd58f6,2017-01-09T07:23:39.8760534Z,f4d4a435-bbb8-436c-94c1-e33826ddc6cd,Parc de la Tour de Nedon,cdt:JardinEtParc,Parc - jardin public,,,,13800,Istres,ISTRES,non,04 42 81 76 00,4.945827,43.526782,,Tour de Nedon,,
0537261821_0000000048,25303eeb-d143-4eef-a538-59ca3550a631,2017-01-09T07:23:39.8640449Z,06128753-3a54-449b-bcfb-f1f6c0f77cb1,Parc de la Romaniquette,cdt:JardinEtParc,Parc - jardin public,,,,13800,Istres,ISTRES,non,04 42 81 76 00,4.998581,43.511405,,La Romaniquette,,
0537261821_0000000049,28367b6a-e36d-4be6-bf27-899088b33555,2017-01-09T07:23:40.1267678Z,548c9282-b6a7-4a66-8168-0c75cded4985,Parc Marcel Guelfucci,cdt:JardinEtParc,Parc - jardin public,,,,13800,Istres,ISTRES,non,04 42 81 76 00,4.988227,43.498149,,Les Salles,,
0537261821_0000000050,56469e67-1c74-4e79-ac5f-b3586012d507,2017-01-09T07:23:41.0920941Z,c695e5a3-ee25-4a91-bebb-f0c9b2b57787,Jardins du Château de La Barben,cdt:JardinEtParc,Parc - jardin privé,,Route,Du Château,13330,La Barben,LA BARBEN,non,04 90 55 25 41,5.193726,43.625407,Château de La Barben,,info@chateau-de-la-barben.fr,http://www.chateaudelabarben.fr
0537261821_0000000051,ee98081e-c5fe-4e32-bd73-baf9cce506d5,2017-01-09T07:23:41.0486581Z,e2794bd3-b760-4957-9d69-5e0cf9608c71,Le jardin du château,cdt:JardinEtParc,Parc - jardin public,,,,13160,Châteaurenard,CHATEAURENARD,non,04 90 24 25 50,4.8556849999999994,43.8820059,Au pied du château,Montée des Pins,,
0537261821_0000000052,e03eeec6-5650-4ace-84fc-417da817c8ab,2017-01-09T07:23:41.0857686Z,3f283a37-2633-4c90-8dfb-fc58aa072946,Parc des Garrigues,cdt:JardinEtParc,Parc - jardin public,,Route,De Lambesc,13840,Rognes,ROGNES,non,04 42 50 17 15,5.340769,43.664172,,Quartier Les Garrigues,,
0537261821_0000000053,d7e4d9ff-eaa9-4167-89d6-0e1d44aa82e5,2017-01-09T07:23:41.104103Z,88fdcb98-5dbd-4387-ae87-dc9ffbeb9338,Parc Saint-Cyr,cdt:JardinEtParc,Parc - jardin public,,Chemin,De La Valbarelle,13010,Marseille,MARSEILLE,non,04 91 55 25 51,5.438165,43.281329,,,dgst-dpj-doc@mairie-marseille.fr,http://www.marseille.fr
0537261821_0000000054,0dc77090-a2cc-42ee-b6c2-d5d9bbfbf753,2017-01-09T07:23:41.1140333Z,e7a4e923-4a67-4043-bc2f-b1f794bebdbd,Parc Saint-Martin,cdt:JardinEtParc,Parc - jardin public,,Avenue,Général de Gaulle,13330,Pélissanne,PELISSANNE,non,04 90 55 15 55,5.159212,43.630368,,,,
0537261821_0000000055,95e4329a-b8de-464e-a969-b7f7900197d5,2017-01-09T07:23:41.0804513Z,78ae3dae-d085-4dc0-93ef-1b68e93e6102,Parc du Gour,cdt:JardinEtParc,Parc - jardin public,,Avenue,Fleming et avenue du Gour,13500,Martigues,MARTIGUES,non,04 42 41 34 40,5.051538,43.427726,,,evf@ville-martigues.fr,
0537261821_0000000056,3ba5ee20-e693-44b6-b3a9-c9aa3d70ed61,2017-01-09T07:23:40.1177616Z,7777343c-dea1-4c00-9ebb-a1b4d1a65cc6,Jardin du Prieuré,cdt:JardinEtParc,Parc - jardin public,,Avenue,Flemming,13500,Martigues,MARTIGUES,non,04 42 41 34 40,5.056656,43.413407,,,evf@ville-martigues.fr,
0537261821_0000000057,880b75f6-cadf-44c5-870d-8b8892b74682,2017-01-09T07:23:41.1554072Z,640f1c0b-d2bd-4d62-a656-6a2820a4a9d6,Jardin de la poste – Square Verdun,cdt:JardinEtParc,Parc - jardin public,,,,13210,Saint Rémy de Provence,SAINT REMY DE PROVENCE,non,04 90 92 08 10,4.8313429999999986,43.788652,Rue Servant,,,
0537261821_0000000058,54827149-339e-42f7-a95d-584551623470,2017-01-09T07:23:41.7992249Z,d5a534ad-91fa-4016-8585-12893e505a5a,Parc du Domaine de La Tour,cdt:JardinEtParc,Parc - jardin public,523,Avenue,Guillaume Dulac,13600,La Ciotat,LA CIOTAT,non,04 42 08 88 00,5.608982,43.190364,,,,
0537261821_0000000059,1fd1df75-d9e5-406e-9f0f-238a6af16e96,2017-01-09T07:23:41.1270431Z,6f956641-da15-48b0-8fba-93c4eb31d974,Colline Notre-Dame (Zone d'accueil du public en forêt),cdt:JardinEtParc,Jardin divers,,Avenue,Jean-Louis Calderon,13700,Marignane,MARIGNANE,non,04 42 31 12 97,5.2388439999999994,43.411491200000007,,,,
0537261821_0000000060,98bd2838-6b30-48ae-bd3b-a98f4ea85d79,2017-01-09T07:23:41.8112342Z,cfa1539a-bebb-445c-8593-a7cd6e97b078,Bois François,cdt:JardinEtParc,Parc - jardin public,,,,13230,Port Saint Louis du Rhône,PORT SAINT LOUIS DU RHONE,non,04 42 86 90 00,4.8032249999999994,43.387847,,,,http://www.portsaintlouis.fr
0537261821_0000000061,b896ad0c-5e06-4c4b-8895-6632a9c22d23,2017-01-09T07:23:41.3422043Z,316cad50-97f7-407e-ba9a-04e58474dfb8,Parc Naturel du Mugel,cdt:JardinEtParc,Parc - jardin public,,Avenue,Des Calanques,13600,La Ciotat,LA CIOTAT,non,04 42 08 88 42,5.60483,43.1629,,Calanque du Mugel,b.girardin@mairie-laciotat.fr,
0537261821_0000000062,80973803-adb8-44b7-8bf5-a33c716964aa,2017-01-09T07:23:40.9755559Z,dd119134-828e-45ef-a5f7-a27d7d8b1c4c,Jardin de La Rode,cdt:JardinEtParc,Parc - jardin public,,Avenue,Président Salvador Allende,13500,Martigues,MARTIGUES,non,04 42 41 34 40,5.058061,43.413596,,,evf@ville-martigues.fr,
0537261821_0000000063,ad15cef1-4642-4c52-9e2b-a274da8e0fc4,2017-01-09T07:23:41.3001733Z,59deed42-cd5c-431f-87e3-90d2d03af930,Jardin Sainte Catherine,cdt:JardinEtParc,Parc - jardin public,,Chemin,Du Castellan,13800,Istres,ISTRES,non,04 13 29 50 00,4.987353,43.51656,Parking Sainte Catherine,,,
0537261821_0000000064,d10bea44-7ee5-4464-8898-5d2b215a4711,2017-01-09T07:23:40.9580642Z,2ca0bb25-ea27-41e9-af40-b9065a7ebaff,Jardin de Payan,cdt:JardinEtParc,Jardin botanique,,Route,De Fontvieille,13150,Tarascon,TARASCON,non,"04 90 54 62 38
06 09 49 34 26",4.694201,43.760032,,Chemin Manonni,"sophie.debrignac@gmail.com
leonore@debrignac.fr",http://www.lesjardinsdepayan.com
0537261821_0000000065,24d449db-447e-42d0-ac79-e2827937f042,2017-01-09T07:23:40.9680711Z,e84e3fd2-b817-4c5f-9905-f5deb3e046d2,Le Jardin d'Eguilles,cdt:JardinEtParc,Parc - jardin public,105,Rue,Paul Magallon,13510,Eguilles,EGUILLES,non,06 16 57 08 64,5.3530682999999986,43.571146,,,anneleberre@wanadoo.fr,http://www.max-sauze.com
0537261821_0000000066,e81c1936-3857-4a4d-8314-112f61c947f4,2017-01-09T07:23:40.1367743Z,e5d9ee07-9dbd-48d8-b857-d497377a3c56,Jardin de la ville,cdt:JardinEtParc,Parc - jardin public,,Boulevard,Jean Jaurès,13600,La Ciotat,LA CIOTAT,non,04 42 08 88 42,5.60929,43.17745,,,b.girardin@mairie-laciotat.fr,
0537261821_0000000067,9248f720-f2fc-4ac4-95b0-89805ee7ad3c,2017-01-09T07:23:40.146782Z,8ddb6971-5325-4c41-a52b-29cc12174f81,Square Mouton,cdt:JardinEtParc,Parc - jardin public,,Avenue,Du Président Wilson,13600,La Ciotat,LA CIOTAT,non,04 42 08 88 42,5.612432,43.180452,,,b.girardin@mairie-laciotat.fr,
0537261821_0000000068,9f6e971d-588a-40f2-925e-7ef436a7ae12,2017-01-09T07:23:41.0596659Z,c35f04c3-1884-40ea-bf8b-ddca091dc226,Parc Bertoglio,cdt:JardinEtParc,Parc - jardin public,,Avenue,De la Résistance,13410,Lambesc,LAMBESC,non,04 42 17 00 62,5.2621017,43.6575785,,,,
0537261821_0000000069,beea08ff-eda1-4ff4-ad6c-9361684902dd,2017-01-09T07:23:41.0696729Z,786e4dc0-ea8e-4956-bd0c-ba19864bc620,Jardin d'été,cdt:JardinEtParc,Parc - jardin public,,Boulevard,Des Lices,13200,Arles,ARLES,non,04 90 49 36 36,4.629457,43.675467,Mairie d'Arles - espace vert,,,
0537261821_0000000070,f690a167-be1d-4e06-b69d-2a90ef69af84,2017-01-09T07:23:39.8880614Z,60ba85c7-a5b1-41fa-9b24-661252699824,Parc de Carlevan,cdt:JardinEtParc,Parc - jardin public,,,,13190,Allauch,ALLAUCH,non,04 91 10 49 20,5.510198,43.352286,Avenue Marcel Pagnol,,ot.allauch@visitprovence.com,http://www.tourisme.allauch.com
0537261821_0000000071,355490ec-a921-4640-9ff4-b1215c7188f5,2017-01-09T07:23:39.9130776Z,cdb2a9c1-17d7-4547-9cbc-f0e87121c63f,Les jardins méditerranéens du parc de Figuerolles,cdt:JardinEtParc,Jardin botanique,,Avenue,Du Grand Parc,13500,Martigues,MARTIGUES,non,04 42 49 11 42,5.048715,43.433236,Grand Parc de Figuerolles,,parc.figuerolles@ville-martigues.fr,
0537261821_0000000072,496617c0-adcb-48d5-b359-d3b11b90654b,2017-01-09T07:23:41.1198507Z,fdec2dcc-8f9c-4bbc-b271-b1ea5e8ddc1f,Jardins du Pavillon de Vendôme,cdt:JardinEtParc,Parc - jardin public,32,Rue,Célony,13100,Aix en Provence,AIX EN PROVENCE,non,04 42 93 70 00,5.442169,43.530835,,,,
0537261821_0000000073,86ef9d5c-be2c-4ac7-810e-0004f138d86d,2017-01-09T07:23:41.1318601Z,ec31587c-5b5e-4604-8147-d6d944cb9970,Jardin de la Colline Puget,cdt:JardinEtParc,Parc - jardin public,,Rue,Abbé Dassy,13007,Marseille,MARSEILLE,non,04 91 55 25 51,5.370115,43.289144,,,dgst-dpj-doc@mairie-marseille.fr,http://tinyurl.com/bnp7oo8
0537261821_0000000074,40d39cd8-261d-4322-aae7-0003bbcc5d1a,2017-01-09T07:23:41.1674153Z,bc0818d2-53b8-44b0-8594-b0c45d7f6536,Parc de l'Oasis,cdt:JardinEtParc,Parc - jardin public,,Chemin,Saint-Antoine à Saint-Joseph,13015,Marseille,MARSEILLE,non,04 91 55 25 51,5.363897,43.360469,,,dgst-dpj-doc@mairie-marseille.fr,http://www.marseille.fr
0537261821_0000000075,44742421-fc26-4952-9693-596f3abcf9e2,2017-01-09T07:23:41.1034699Z,19ee944c-0d71-4db3-b1df-d7d96d21f87a,Parc de la Pelouque,cdt:JardinEtParc,Parc - jardin public,,Chemin,De la Pelouque,13016,Marseille,MARSEILLE,non,04 91 55 25 51,5.337647,43.364535,,,dgst-dpj-doc@mairie-marseille.fr,http://www.marseille.fr
0537261821_0000000076,b5ffc19b-ebe2-483c-86e4-bd87e35e62c8,2017-01-09T07:23:41.1181128Z,364144e9-c3af-408f-b6e5-3be9c9cbe8b4,Parc de la Mirabelle,cdt:JardinEtParc,Parc - jardin public,,Avenue,William Booth,13012,Marseille,MARSEILLE,non,04 91 55 25 51,5.445947,43.295595,,,dgst-dpj-doc@mairie-marseille.fr,http://wwwmarseille.fr
0537261821_0000000077,3d1fd81a-252d-4b36-9e7a-067f36c326c8,2017-01-09T07:23:41.2257829Z,f01b82d3-3703-4be6-b033-aee7f9399cef,Jardin du château de Tarascon,cdt:JardinEtParc,Parc - jardin privé,,Boulevard,Du Roi René,13150,Tarascon,TARASCON,non,04 90 91 01 93,4.6554905,43.806177,Château de Tarascon,,tourisme@tarascon.org,http://www.tarascon.fr
0537261821_0000000078,f77d6199-2942-42df-8d26-0cba7dc2a0b6,2017-01-09T07:23:41.111787Z,eb08111a-0926-4bf9-a170-170406db5790,Parc Emmanuel Vitria,cdt:JardinEtParc,Parc - jardin public,17,Rue,Condorcet,13016,Marseille,MARSEILLE,non,04 91 00 00 00,5.342359,43.356886,,,,http://www.marseille.fr
0537261821_0000000079,9bac4c8f-eaae-4808-9df5-aee8e7a39bcc,2017-01-09T07:23:41.1794235Z,407562d4-34da-4e8b-8134-240dec8be5c5,Parc Bortoli,cdt:JardinEtParc,Parc - jardin public,,Chemin,Du Lancier,13008,Marseille,MARSEILLE,non,04 91 55 25 51,5.395858,43.246588,,,dgst-dpj-doc@mairie-marseille.fr,http://www.marseille.fr/
0537261821_0000000080,d8f2de3c-6a83-4c61-bf04-80df6cc08687,2017-01-09T07:23:41.1390521Z,d68f470e-7b1e-4d34-8128-c5f5b1640a13,Parc des 7 Collines - Château de la Buzine,cdt:JardinEtParc,Parc - jardin public,56,Traverse,De la Buzine,13011,Marseille,MARSEILLE,non,04 91 55 25 51,5.4882679,43.2848916,,,dgst-dpj-doc@mairie-marseille.fr,http://labuzine.com/fr/page/le-parc-de-la-buzine-un-espace-naturel-ouvert-tous
0537261821_0000000081,83e21e53-9ffa-491c-9e3c-5c43cb3973fd,2017-01-09T07:23:41.1560648Z,3dba0457-d32c-41ca-bac6-56969eade8e2,Esplanade du château,cdt:JardinEtParc,Parc - jardin public,,Rue,Marc Mielly,13550,Noves,NOVES,non,04 90 92 90 43,4.89993,43.876029,,,tourisme.noves@wanadoo.fr,http://www.noves.com
0537261821_0000000082,e3e81470-2f20-4310-8183-907c108377c6,2017-01-09T07:23:40.9875642Z,8dd91a5e-2748-4ab4-acbe-9baf2d2d3c40,Parc du Corbusier,cdt:JardinEtParc,Parc - jardin public,280,Boulevard,Michelet,13008,Marseille,MARSEILLE,non,04 91 55 25 50,5.395069,43.265414,,,,
0537261821_0000000083,a13698ba-149a-439a-ba1b-b8de27db7c20,2017-01-09T07:23:41.1456736Z,8c37ab78-c99d-4ce9-aa59-cc82184e4928,Le Jardin de Gaston,cdt:JardinEtParc,"Jardin botanique
Parc - jardin public",,Avenue,De Plaisance,13310,Saint Martin de Crau,SAINT MARTIN DE CRAU,non,04 90 47 98 40,4.807323,43.632278,,,tourisme@stmartindecrau.fr,http://www.saintmartindecrau.fr
0537261821_0000000084,541b9a4c-6de0-4df1-9ed4-dca2ddc45435,2017-01-09T07:23:41.0035748Z,f7c1cb2c-9688-4d49-9bb1-ad67e934b171,Parc Valmer,cdt:JardinEtParc,Parc - jardin public,275,Corniche,John Fitzerald Kennedy,13007,Marseille,MARSEILLE,non,04 91 55 25 51,5.355235,43.278005,,,dgst-dpj-doc@mairie-marseille.fr,http://tinyurl.com/cvyv2ev
0537261821_0000000085,94b56407-8515-415d-acc7-35e5faed0379,2017-01-09T07:23:41.0145829Z,ec61c1f2-814c-4cab-87bb-6172a6bdc212,Grand Parc de Figuerolles,cdt:JardinEtParc,Parc - jardin public,,Avenue,Du grand parc,13500,Martigues,MARTIGUES,non,04 42 49 11 42,5.042376,43.43547,,,parc.figuerolles@ville-martigues.fr,
0537261821_0000000086,9a14fcd4-32de-4cd8-9c67-91e189521e34,2017-01-09T07:23:40.1637932Z,71be87cd-484e-4196-a68f-8a0a6e66a048,Hortus,cdt:JardinEtParc,Parc - jardin public,,,,13200,Arles,ARLES,non,04 13 31 51 03,4.61679,43.672947,Presqu'île du Cirque Romain,,,
0537261821_0000000087,94b5e474-6003-4a87-b312-ae20aed2db8f,2017-01-09T07:23:41.0966915Z,b3ab4877-450d-4da5-b412-bfd63d7c42d2,Parc forestier de l'Ecomusée de la forêt,cdt:JardinEtParc,Parc - jardin public,,CD,De Roman - CD 7,13120,Gardanne,GARDANNE,non,04 42 65 42 10,5.467296,43.459072,,,contact@institut-foret.com,http://www.institut-foret.com
0537261821_0000000088,c02fcdcb-1a90-4fd3-a0ba-20152aedb0db,2017-01-09T07:23:41.0846831Z,2f05a968-5a8e-4c84-8993-f7295d77bd9d,Bastide Marin,cdt:JardinEtParc,Jardin divers,1943,Avenue,Guillaume Dulac,13600,La Ciotat,LA CIOTAT,non,06 65 27 84 39,5.618879,43.199962,,,bastide.marin13600@gmail.com,
0537261821_0000000089,f205d737-2cd4-4d8c-b934-eee4bd96b548,2017-01-09T07:23:40.1748007Z,bcba50f2-f100-4f46-94e1-d3b72f8e5a90,Parc du Bois Sacré,cdt:JardinEtParc,Parc - jardin public,,Avenue,Du Bois Sacré,13007,Marseille,MARSEILLE,non,04 91 55 25 51,5.37077,43.282368,,,dgst-dpj-doc@mairie-marseille.fr,http://www.marseille.fr
0537261821_0000000090,54aa29f1-81c0-45d4-8397-9d9379c795f8,2017-01-09T07:23:40.9880864Z,995fb81a-0ac6-4ca3-bf8d-5dd4e3f199b5,Parc Athéna,cdt:JardinEtParc,Parc - jardin public,,Rue,Albert Einstein,13013,Marseille,MARSEILLE,non,04 91 55 25 51,5.439324,43.339163,,,dgst-dpj-doc@mairie-marseille.fr,http://tinyurl.com/7edq8pv
0537261821_0000000091,8c07590e-f518-434d-a429-d3daf811c12d,2017-01-09T07:23:41.0000942Z,d374037f-2680-413d-8f92-4a8726f8458c,Parc Jacques Prévert,cdt:JardinEtParc,Parc - jardin public,,Avenue,De Lattre de Tassigny,13300,Salon de Provence,SALON DE PROVENCE,non,04 90 44 89 00,5.091342,43.650141,Route d'Eyguières,,,http://www.salondeprovence.fr
0537261821_0000000092,d58d65d5-de3f-4759-b76e-801694d52fd9,2017-01-09T07:23:41.1914324Z,35efe4e8-9a1c-4b27-9b18-7c2ef50f14ea,Parcours de santé,cdt:JardinEtParc,Parc - jardin public,,,Pinède St Léon,13300,Salon de Provence,SALON DE PROVENCE,non,04 90 44 89 00,5.070279,43.649932,,,,
0537261821_0000000093,fd5c2a4e-f805-4059-80dc-eecb7b5a3e32,2017-01-09T07:23:41.2064436Z,a83744a6-1e8d-4ab4-a08e-48e83b1ec2ae,Square François Blanc,cdt:JardinEtParc,Parc - jardin public,,,Le pavillon,13300,Salon de Provence,SALON DE PROVENCE,non,04 90 44 89 00,5.106142,43.641444,,,,
0537261821_0000000094,bf22ebf8-393f-4aa4-be36-86b2de00d7a3,2017-01-09T07:23:41.1468706Z,9d942320-99af-46c8-87e5-178927623892,Square place des Martyrs,cdt:JardinEtParc,Parc - jardin public,,Place,Des martyrs,13300,Salon de Provence,SALON DE PROVENCE,non,04 90 44 89 00,5.095822,43.642111,Kiosque à musique,,,
0537261821_0000000095,890eecbd-1d61-4b54-b67d-15c6c5c7aee9,2017-01-09T07:23:41.1638846Z,fc08566d-4219-474c-950a-1cf6c179a6e0,Square Emile Arnaud (1896 - 1987),cdt:JardinEtParc,Parc - jardin public,,Rue,Paul Sabatier,13300,Salon de Provence,SALON DE PROVENCE,non,04 90 44 89 00,5.059719,43.641541,Quartier de Bel-Air,,,http://www.salon-de-provence.org
0537261821_0000000096,e03700fb-d3ff-48e5-a043-a40be48f05b1,2017-01-09T07:23:41.1660727Z,c97256a5-9ee0-4d37-a193-da9d0618c810,Jardins de la Bastide de Romégas,cdt:JardinEtParc,Parc - jardin privé,3992,Chemin,De Saint Donat,13100,Aix en Provence,AIX EN PROVENCE,non,"04 42 23 17 53
06 60 59 17 53",5.453262,43.54954,,,contact@jardins-romegas-provence.com,http://www.jardins-romegas-provence.com
0537261821_0000000097,03c1ead3-e4db-4cba-a18e-fea84d31f208,2017-01-09T07:23:40.2998865Z,f385988f-648f-443f-8f17-71306efb2f8e,Jardin Public,cdt:JardinEtParc,Parc - jardin public,,,,13260,Cassis,CASSIS,non,04 42 01 66 66,5.549764,43.218326,,,,
0537261821_0000000098,333c3585-c7b3-425a-9485-6701cdc0fd14,2017-01-09T07:23:39.9280876Z,92a04f25-841b-4b0b-b657-04eb7897fa50,Jardin du Pharo-Emile Duclaux,cdt:JardinEtParc,Parc - jardin public,,Boulevard,Charles Livon,13007,Marseille,MARSEILLE,non,04 91 55 25 51,5.360826,43.292242,,,dgst-dpj-doc@mairie-marseille.fr,http://tinyurl.com/d9l2hxs
0537261821_0000000099,924334ae-5ce1-490d-a96d-d44f683f4e25,2017-01-09T07:23:40.2078242Z,85590858-47b9-46a7-8dfb-2b0b08849b92,Parc de la Moline,cdt:JardinEtParc,Parc - jardin public,27,Boulevard,Marius Richard,13012,Marseille,MARSEILLE,non,04 91 14 62 39,5.424014,43.315772,,,,http://www.marseillemairie11-12.fr/cadre-de-vie/espaces-naturels/parcs-et-jardins-196.html
0537261821_0000000100,786e9611-8388-4d5d-81bc-4927441f48f9,2017-01-09T07:23:41.1860877Z,4ffeccd1-a604-4e24-b179-536bd0e25132,Parc de Maison Blanche,cdt:JardinEtParc,Parc - jardin public,150,Boulevard,Paul Claudel,13009,Marseille,MARSEILLE,non,04 91 55 25 51,5.416975,43.268076,,,dgst-dpj-doc@mairie-marseille.fr,http://www.marseille.fr
0537261821_0000000101,1073a016-84d5-4f00-a8c5-48d99a40f415,2017-01-09T07:23:41.2031001Z,cf039a16-74d6-4bba-8930-f34c254d47a5,Parc Central de Bonneveine,cdt:JardinEtParc,Parc - jardin public,,Avenue,De Hambourg,13008,Marseille,MARSEILLE,non,04 91 55 25 51,5.38875,43.25038,,,dgst-dpj-doc@mairie-marseille.fr,http://www.marseille.fr
0537261821_0000000102,5d533605-7f08-4c0d-8485-d5a268054ef8,2017-01-09T07:23:39.9731181Z,90e071a7-7bc8-4878-8379-7a62fd78cb41,Parc Pastré,cdt:JardinEtParc,Parc - jardin public,157,Avenue,De Montredon,13008,Marseille,MARSEILLE,non,04 91 55 25 51,5.36705,43.240149,,,dgst-dpj-doc@mairie-marseille.fr,http://tinyurl.com/cj5lws5
0537261821_0000000103,83f8204d-669c-4134-ac7f-cc84e46560f0,2017-01-09T07:23:39.9861263Z,3ce2d96d-37a7-4447-967f-7cc73b89a39c,Aire de jeux de la Cité des Jardins,cdt:JardinEtParc,Jardin divers,,Rue,Du 14 juillet,13230,Port Saint Louis du Rhône,PORT SAINT LOUIS DU RHONE,non,04 42 86 90 00,4.810707100000001,43.392255000000013,,,,
0537261821_0000000104,c10408f5-f1e9-4179-ac86-d42cf5c27548,2017-01-09T07:23:41.0345967Z,98a24687-311d-4b7d-88c2-609d99d98c27,Parc des Bruyères,cdt:JardinEtParc,Parc - jardin public,,Chemin,Des Prud'hommes,13010,Marseille,MARSEILLE,non,04 91 55 25 51,5.436316,43.277261,,Les Trois Ponts,dgst-dpj-doc@mairie-marseille.fr,http://www.marseille.fr
0537261821_0000000105,c9377551-108e-48fe-8435-059821079515,2017-01-09T07:23:41.0526092Z,e2d71b29-caa0-4e0e-b199-ce274b53a21a,Parc de Font Obscure,cdt:JardinEtParc,Parc - jardin public,,Avenue,Prosper Mérimée,13014,Marseille,MARSEILLE,non,04 91 55 25 51,5.400839,43.329154,,,dgst-dpj-doc@mairie-marseille.fr,http://www.marseille.fr
0537261821_0000000106,36562bb5-72f5-4380-b341-7fc725358857,2017-01-09T07:23:41.0491293Z,2bfd0339-db8d-48b2-bf02-97b6341b8f6b,Jardin de la Magalone,cdt:JardinEtParc,Parc - jardin public,245,Boulevard,Michelet,13009,Marseille,MARSEILLE,non,04 91 55 25 51,5.39751,43.261989,,,dgst-dpj-doc@mairie-marseille.fr,http://marseille.fr
0537261821_0000000107,767a37be-7dfd-4339-9fcb-1f3c543650e5,2017-01-09T07:23:41.0786272Z,efda8e20-059c-4362-9daa-55f5bef1ade5,Parc du Grand Séminaire,cdt:JardinEtParc,Parc - jardin public,,Avenue,Paul Coxe,13014,Marseille,MARSEILLE,non,04 91 55 25 51,5.378119,43.346997,,,dgst-dpj-doc@mairie-marseille.fr,http://tinyurl.com/d6blhtp
0537261821_0000000108,15b690ef-9ce8-4cf8-8f77-2bd182b5d7a0,2017-01-09T07:23:41.1257124Z,9387f799-5944-4dd0-8a4a-cc3547ffcd79,Parc François Billoux,cdt:JardinEtParc,Parc - jardin public,246,Rue,De Lyon,13015,Marseille,MARSEILLE,non,04 91 55 25 51,5.365105,43.330607,,,dgst-dpj-doc@mairie-marseille.fr,http://tinyurl.com/d5puata
0537261821_0000000109,559bf0ac-474b-48b7-82a1-0433d7d1c2ad,2017-01-09T07:23:41.138722Z,a637e71a-e5bf-4441-bfe8-b151222bf792,Parc de la colline Saint-Joseph,cdt:JardinEtParc,Parc - jardin public,,Boulevard,Du Redon,13009,Marseille,MARSEILLE,non,04 91 55 25 51,5.424588,43.25051,,,dgst-dpj-doc@mairie-marseille.fr,http://www.marseille.fr
0537261821_0000000110,72f05634-4ae0-4456-a8ef-4350141ddfe6,2017-01-09T07:23:41.1497289Z,9f81fbaa-fcdc-4c3b-b6c8-45e0358206af,Parc Chanot,cdt:JardinEtParc,Parc - jardin public,,Boulevard,Michelet,13008,Marseille,MARSEILLE,non,04 91 55 25 51,5.395069,43.265414,,,dgst-dpj-doc@mairie-marseille.fr,http://www.marseille.fr
0537261821_0000000111,b07eaf5d-7a57-48c0-8943-cbb932d94e6f,2017-01-09T07:23:41.1637392Z,430db65b-2809-4f38-93b1-d3a889569938,Parc Balnéaire du Prado,cdt:JardinEtParc,Parc - jardin public,,Avenue,Georges Pompidou,13008,Marseille,MARSEILLE,non,04 91 55 25 51,5.373231,43.265029,,,dgst-dpj-doc@mairie-marseille.fr,http://marseille.fr
0537261821_0000000112,50e21dc3-4b0e-4dec-a980-6dff936b6f6a,2017-01-09T07:23:39.9571074Z,bc5f62a5-f970-4a93-b1a7-6de80e8da729,Jardin de Corbière,cdt:JardinEtParc,Parc - jardin public,,Route,Du Rove,13016,Marseille,MARSEILLE,non,04 91 55 25 51,5.293515,43.359711,,,dgst-dpj-doc@mairie-marseille.fr,http://tinyurl.com/c783w3p
0537261821_0000000113,521c3fa2-11bc-4977-884a-9611e3ce05b5,2017-01-09T07:23:41.2191125Z,4f568df7-51f3-4c37-bcd7-d1a52af7b998,Parc de Bagatelle,cdt:JardinEtParc,Parc - jardin public,,Rue,Du Commandant Rolland,13008,Marseille,MARSEILLE,non,04 91 55 15 84,5.379172,43.270364,,,dgst-dpj-doc@mairie-marseille.fr,http://www.marseille.fr
0537261821_0000000114,b8e3be9a-3a04-431f-aba7-b4ccd1374c19,2017-01-09T07:23:41.2301203Z,fb12fce8-be5a-4758-8019-fb1ea7cd795c,Parc du Palais Longchamp,cdt:JardinEtParc,Parc - jardin public,,Place,Henri Dunant,13004,Marseille,MARSEILLE,non,08 10 81 38 13,5.398074,43.305647,,,,http://tinyurl.com/7r2znpk
0537261821_0000000115,fe3207ac-74ec-4f16-8436-e460f3ec7c36,2017-01-09T07:23:41.2421297Z,d3410e7e-612f-4d75-a8ed-902527578722,Jardin Botanique E.M. Heckel,cdt:JardinEtParc,Parc - jardin public,48,Avenue,Clot-Bey,13008,Marseille,MARSEILLE,non,"04 91 55 24 96
04 91 55 25 40",5.384095,43.258647,,,dgst-dpj-doc@mairie-marseille.fr,http://www.marseille.fr/sitevdm/environnement/espaces-verts/jardin-botanique
0537261821_0000000116,d19d04d0-40b4-478a-bfaa-a4656b9fcb11,2017-01-09T07:23:41.0331181Z,d8c6c676-37ac-4b95-ac9f-ea4c1b52dafd,Les Jardins de l'Espérance,cdt:JardinEtParc,Parc - jardin privé,,Chemin,Des Poissonniers,13600,La Ciotat,LA CIOTAT,non,04 42 08 01 12,5.614482,43.203997,,,contact@jardinesperance.org,
0537261821_0000000117,54e3f227-0c0d-4617-bb92-8b5181170465,2017-01-09T07:23:41.0676192Z,b811bbae-1940-4764-a052-12f140287003,Parc Henri Fabre,cdt:JardinEtParc,Parc - jardin public,,Boulevard,De Gabès,13008,Marseille,MARSEILLE,non,04 91 55 25 51,5.383074,43.266032,,,dgst-dpj-doc@mairie-marseille.fr,http://www.marseille.fr
0537261821_0000000118,e630c264-13f5-4ed2-9d51-0bfca948c9e5,2017-01-09T07:23:41.0601402Z,53520d48-d082-49bf-9cb8-67d51af226e6,Place du Général de Gaulle et son Jardin d'enfants,cdt:JardinEtParc,Parc - jardin public,,Place,Du Général de Gaulle,13300,Salon de Provence,SALON DE PROVENCE,non,04 90 44 89 00,5.095586,43.641723,,,,
0537261821_0000000119,edae1187-0dea-4a6f-a292-8367cf0dff9e,2017-01-09T07:23:41.0906351Z,0f31ac5e-2ff0-42fb-bf8a-7002ece48410,Pinède des 4 vents,cdt:JardinEtParc,Parc - jardin public,,,,13800,Istres,ISTRES,non,04 42 81 76 00,4.993629,43.489218,,Les 4 vents,,
0537261821_0000000120,67854112-3559-430c-9c02-816467449d48,2017-01-09T07:23:40.2198316Z,d5a36e5f-f63e-4ce2-a908-d4f240ead726,Parc Brégante,cdt:JardinEtParc,Parc - jardin public,,RN,De la Viste,13015,Marseille,MARSEILLE,non,04 91 55 25 51,5.3576017,43.3600653,,,dgst-dpj-doc@mairie-marseille.fr,http://www.marseille.fr
0537261821_0000000121,2fd6de50-d21f-47bb-bb89-56c58997ca5e,2017-01-09T07:23:40.2298385Z,6593e438-17a9-431a-a029-120e5dd251c7,Parc de la légion d'honneur (ancien République),cdt:JardinEtParc,Parc - jardin public,,Avenue,De la République,13300,Salon de Provence,SALON DE PROVENCE,non,04 90 44 89 00,5.093215,43.640583,,,,http://www.salondeprovence.fr/
0537261821_0000000122,391add28-bba5-4912-a6a9-de15ad0b3377,2017-01-09T07:23:40.310894Z,b9b5333f-2c40-4be2-8289-86c28444f4a7,Parc du 26e Centenaire,cdt:JardinEtParc,Parc - jardin public,,Rond-point,Zino Francescatti,13010,Marseille,MARSEILLE,non,04 91 55 25 51,5.4306141,43.2731832,,,dgst-dpj-doc@mairie-marseille.fr,http://tinyurl.com/6wjklvp
0537261821_0000000123,9e79a5cc-8714-4abe-af4c-f3dc35fc7edf,2017-01-09T07:23:41.3181876Z,1f331baa-3669-407a-962a-3b58dc8fccb0,Parc du Pigeonnier,cdt:JardinEtParc,Parc - jardin public,,Boulevard,Ledru Rollin,13300,Salon de Provence,SALON DE PROVENCE,non,04 90 44 89 00,5.093951,43.645647,Le Pont d'Avignon,,,
0537261821_0000000124,08d38d09-c56f-4b1f-b0f6-3204d2e13c31,2017-01-09T07:23:40.2498526Z,c27ae365-085c-47b8-af84-b8340ade3a28,Les Jardins d'Albertas,cdt:JardinEtParc,Parc - jardin privé,,RN,8,13320,Bouc Bel Air,BOUC BEL AIR,non,04 42 22 94 71,5.40599,43.4533,,,contact@jardinsalbertas.com,http://www.jardinsalbertas.com
0537261821_0000000125,b538aaf9-9348-4143-b595-3b1e5f7e6aff,2017-01-09T07:23:40.2598591Z,81a1c247-cfdd-4432-9b8c-9e5b2dd24647,Parc des Collines de Cuques,cdt:JardinEtParc,Parc - jardin public,,Avenue,De la Cible,13100,Aix en Provence,AIX EN PROVENCE,non,"04 42 91 88 80
04 42 91 95 43",5.461453,43.5152,,,,
0537261821_0000000126,cd4ab43d-ab94-4918-b377-d127718584d1,2017-01-09T07:23:40.2688652Z,f3eda718-6fcb-42e4-b994-f1c4475e7783,Jardin des 5 sens et des formes premières,cdt:JardinEtParc,Parc - jardin privé,220,Chemin,De Repentance à la forêt,13100,Saint Marc Jaumegarde,SAINT MARC JAUMEGARDE,non,06 84 10 20 17,5.491348,43.546598,,,cinqsensaintmarc@yahoo.fr,http://voyonsvoir.org/blog/fiches_lieux/jardin-des-5-sens
0537261821_0000000127,4a32665c-429c-4033-8a8e-1d0eed8e3048,2017-01-09T07:23:41.201766Z,a25d8b2f-b897-4f3d-a63d-537a05c13cc7,Parc Gilbert Vilers - Théâtre de verdure,cdt:JardinEtParc,Parc - jardin public,,Avenue,Saint John Perse,13090,Aix en Provence,AIX EN PROVENCE,non,"04 42 91 88 80
04 42 91 95 43",5.419341,43.524389,,Jas de Bouffan,,
0537261821_0000000128,f869ff6f-98f9-46c1-be15-3a58dc1ba9c7,2017-01-09T07:23:39.999135Z,5adb448f-1e90-40e0-9b33-ff1f08b8eff3,Parc du Jas de Bouffan,cdt:JardinEtParc,Jardin divers,,Route,De Galice,13090,Aix en Provence,AIX EN PROVENCE,non,00 00 00 00 00,5.4060143,43.528384,,,,
0537261821_0000000129,0427d0c8-1fb5-4799-ba53-b79d1039a920,2017-01-09T07:23:40.0111456Z,459e4bc6-c888-4503-afdf-db1b48ebc9e9,Parc Rambot,cdt:JardinEtParc,Parc - jardin public,,Cours,Des Arts et Métiers,13100,Aix en Provence,AIX EN PROVENCE,non,"04 42 91 88 80
04 42 91 95 43",5.456401,43.531052,,,,
0537261821_0000000130,fcf93574-3cf5-428c-9b91-8c12aa5210b9,2017-01-09T07:23:40.0211497Z,62e5ed90-4ece-44d1-ba3f-39ba26c23255,Parc de la Torse,cdt:JardinEtParc,Parc - jardin public,,Route,Du Tholonet,13100,Aix en Provence,AIX EN PROVENCE,non,00 00 00 00 00,5.470483,43.519926,,,,
0537261821_0000000131,70aa9168-a3f3-4494-9964-3694669c5f2f,2017-01-09T07:23:40.0311563Z,e70b23da-fb64-405f-9585-379361f69577,Parc Saint Mitre,cdt:JardinEtParc,Parc - jardin public,,Avenue,Jean Monnet,13100,Aix en Provence,AIX EN PROVENCE,non,"04 42 91 88 80
04 42 91 95 43",5.4221552,43.5319903,,,,
0537261821_0000000132,8906f727-d141-43f6-9c69-638e56877d85,2017-01-09T07:23:41.1757472Z,b53caa5d-5668-4f1b-b051-8964144405f1,Parc Jourdan,cdt:JardinEtParc,Parc - jardin public,,Rue,Anatole France,13100,Aix en Provence,AIX EN PROVENCE,non,00 00 00 00 00,5.448421,43.521014,,,,
0537261821_0000000133,3efd0f21-8342-47c6-9843-5c8906eeb43e,2017-01-09T07:23:41.1887568Z,0782f2ca-fa9b-4042-a399-4f078fea5271,Jardin Public de Ferrières,cdt:JardinEtParc,"Jardin botanique
Parc - jardin public",,Rue,Colonel Fabien,13500,Martigues,MARTIGUES,non,04 42 41 34 40,5.05665,43.40784,,,evf@ville-martigues.fr,
0537261821_0000000134,bdb3c715-fd4e-4ff4-9635-5980fa74ef38,2017-01-09T07:23:41.2751541Z,639cac64-34f0-4a7b-8733-bd664b061930,Parc de la Révolution,cdt:JardinEtParc,Parc - jardin public,,Avenue,Louis Gros,13230,Port Saint Louis du Rhône,PORT SAINT LOUIS DU RHONE,non,04 42 86 90 00,4.801542,43.388277,,,,
0537261821_0000000135,fc48e5cf-e0ac-4dbf-8e17-25752bdf9db3,2017-01-09T07:23:41.2871635Z,784a8fd7-5631-47f3-9cd9-a754090aee49,Square Marie Louise Lombard,cdt:JardinEtParc,Parc - jardin public,,Quai,Bonnardel,13230,Port Saint Louis du Rhône,PORT SAINT LOUIS DU RHONE,non,02 40 86 90 00,4.805208,43.384725,,,,
0537261821_0000000136,db200086-73fb-42a6-b69c-3456d9c6ede1,2017-01-09T07:23:41.2531371Z,d345ec25-a39b-4f7c-82d7-cd14add94c6a,Square Xavier Guiraud,cdt:JardinEtParc,Parc - jardin public,,Rue,Anatole France,13230,Port Saint Louis du Rhône,PORT SAINT LOUIS DU RHONE,non,04 42 86 90 00,4.809753,43.383069,,,,
0537261821_0000000137,7ad69742-2d0b-4a59-9ec3-b0bfb647bb8f,2017-01-09T07:23:41.2641458Z,fc6fcf67-28c5-4467-b000-2dfa20cb0952,Parc Léo Lélée,cdt:JardinEtParc,Parc - jardin public,,Avenue,Pierre Gabrielli,13230,Port Saint Louis du Rhône,PORT SAINT LOUIS DU RHONE,non,04 42 86 90 00,4.799895,43.395718,,,,
0537261821_0000000138,47ca0d58-e175-479f-ba6a-a2a05e162f68,2017-01-09T07:23:40.2798732Z,9581d10c-1b71-4cd6-bdd3-2e13ba5b5cf5,Parc du Ponant,cdt:JardinEtParc,Parc - jardin public,,Avenue,Du Port,13230,Port Saint Louis du Rhône,PORT SAINT LOUIS DU RHONE,non,04 42 86 90 00,4.791592,43.399362,,,,
0537261821_0000000139,76c54397-3a90-4aab-95d4-676a66ced2da,2017-01-09T07:23:40.2888789Z,7f23beb5-9e06-4f4a-9cae-78c5e4c6728a,Parc Borély,cdt:JardinEtParc,Parc - jardin public,,Allée,Borély,13008,Marseille,MARSEILLE,non,04 91 55 25 51,5.378591,43.26273,,,dgst-dpj-doc@mairie-marseille.fr,http://tinyurl.com/7rdew7m
0537261821_0000000140,696affb4-a09a-4270-a828-224349239145,2017-01-09T07:23:41.1026438Z,3fe78f51-da56-435d-ae0e-05d4f5a72001,Micro-site Basile Boli,cdt:JardinEtParc,Jardin divers,,Avenue,Joseph Simonet,13230,Port Saint Louis du Rhône,PORT SAINT LOUIS DU RHONE,non,04 42 86 90 00,4.809364,43.39291,Quartier les Allende,,,
0537261821_0000000141,60762c7f-6006-48fb-9c50-59b28b795b4c,2017-01-09T07:23:41.113654Z,feca29cb-b2bb-437a-bc68-c2c658697c6b,Square Noël Biondi,cdt:JardinEtParc,Parc - jardin public,,Rue,Crémieux,13230,Port Saint Louis du Rhône,PORT SAINT LOUIS DU RHONE,non,04 42 86 90 00,4.813826,43.38921,,,,
0537261821_0000000142,c6cae5b3-7079-45bc-a884-0d8dd07c11bc,2017-01-09T07:23:41.1246591Z,c0a62224-9aa1-486b-ae2b-1118d4b92cd0,Aire multisports Jean-Pierre Papin,cdt:JardinEtParc,Jardin divers,,,Le Vauban,13230,Port Saint Louis du Rhône,PORT SAINT LOUIS DU RHONE,non,04 42 86 96 00,4.79655,43.397712,,,,
0537261821_0000000143,a971369b-e93d-412e-8b18-16cc7dd94b6b,2017-01-09T07:23:41.2127738Z,b46e35cb-2377-464b-bfab-7dbd46180091,Square Nougaret,cdt:JardinEtParc,Parc - jardin public,,Avenue,Du Port,13230,Port Saint Louis du Rhône,PORT SAINT LOUIS DU RHONE,non,04 42 86 90 00,4.791592,43.399362,,,,
0537261821_0000000144,cfc9a8ed-ca31-4836-b9f2-ee674fa0c7ce,2017-01-09T07:23:41.1336653Z,895115b3-79f2-4a5a-beb6-5ceeacf33ed2,Jardin d'Alcinoos,cdt:JardinEtParc,"Parc - jardin privé
Jardin botanique",,,Vieux Chemin d'Arles,13210,Saint Rémy de Provence,SAINT REMY DE PROVENCE,non,"06 08 42 77 76
04 32 60 00 98",4.796938,43.783339,Mas des Figues,,philippe@masdesfigues.com,http://www.saint-remy-de-provence.fr
